"hubsell.com","Active","2024-06-29T18:59:28Z"
"basefast.com","Active","2024-07-04T11:59:59Z"
"zonestream.com","Active","2024-06-25T10:58:40Z"
"worldcloud.com","Active","2024-06-11T18:23:49Z"
"worldcore.com","Active","2024-06-30T01:27:43Z"
"netpower.com","Active","2024-07-02T11:59:59Z"
"solutionsbuy.com","Active","2024-03-31T06:33:14Z"
"workweb.com","Active","2024-06-11T19:06:28Z"
"labapp.com","Active","2024-07-02T21:23:07Z"
"labnet.com","Active","2024-06-14T04:00:00Z"
"labbook.com","Active","2024-06-12T16:11:01Z"
"placedigital.com","Active","2024-07-10T18:05:50Z"
"centermatrix.com","Active","2024-06-20T02:11:36Z"
"linkbook.com","Active","2024-06-30T22:32:17Z"
"corefast.com","Active","2024-06-18T18:39:47Z"
"corematrix.com","Active","2024-06-16T08:10:04Z"
"pointcyber.com","Active","2024-06-30T08:43:27Z"
"pointconnect.com","Active","2024-06-27T18:40:50Z"
"pointtop.com","Active","2024-06-26T18:26:35Z"
"studiofast.com","Active","2024-06-28T18:14:09Z"
"studiomatrix.com","Active","2024-06-18T14:34:23Z"
"linewave.com","Active","2024-06-25T22:04:58Z"
"waycode.com","Active","2024-07-10T18:29:28Z"
"waysell.com","Active","2024-06-11T20:09:07Z"
"pathsmart.com","Active","2024-07-07T18:17:34Z"
"mediafuture.com","Active","2024-06-30T11:17:19Z"
"mediawave.com","Active","2024-06-12T04:00:00Z"
"expressconnect.com","Active","2024-07-10T04:00:00Z"
"expressmatrix.com","Active","2024-07-08T18:11:37Z"
"spherefuture.com","Active","2024-07-03T08:41:09Z"
"portalweb.com","Active","2024-06-30T10:43:54Z"
"portalpower.com","Active","2024-06-30T10:54:05Z"
"forgeenterprise.com","Active","2024-03-25T22:07:49Z"
"forgetop.com","Active","2024-04-11T23:33:15Z"
"yardcode.com","Active","2024-04-25T15:57:42Z"
"yardmatrix.com","Active","2024-06-17T01:12:26Z"
"yardsell.com","Active","2024-07-01T18:26:01Z"
"basebest.com","Active","2024-06-17T22:14:21Z"
"basehotel.com","Active","2024-06-21T22:05:13Z"
"spaceultra.com","Active","2024-06-15T18:58:18Z"
"spacegold.com","Active","2024-06-19T20:22:44Z"
"solutionstry.com","Active","2024-04-14T14:40:37Z"
"workmy.com","Active","2024-06-27T01:47:52Z"
