"digitalsolutions.com","Active","2024-07-10T04:00:00Z"
"dynamicway.com","Active","2024-07-01T19:25:21Z"
"innovapoint.com","Active","2024-07-04T12:12:26Z"
"innovamedia.com","Active","2024-07-08T18:01:56Z"
"innovaportal.com","Active","2024-06-19T17:04:35Z"
"techportal.com","Active","2024-06-30T04:00:00Z"
"systemmedia.com","Active","2024-06-18T18:04:40Z"
"systemfocus.com","Active","2024-07-01T11:59:59Z"
"connectlab.com","Active","2024-07-07T02:22:23Z"
"linkgroup.com","Active","2024-07-06T04:00:00Z"
"linksphere.com","Active","2024-06-11T19:21:00Z"
"wavepath.com","Active","2024-06-24T18:23:44Z"
"buylab.com","Active","2024-06-25T11:34:31Z"
"bookhub.com","Active","2024-06-22T11:59:59Z"
"cloudsmart.com","Active","2024-07-09T18:33:13Z"
"clouddigital.com","Active","2024-07-03T13:55:25Z"
"cloudcyber.com","Active","2024-06-16T09:25:54Z"
"dataglobal.com","Active","2024-06-27T14:10:22Z"
"smartfuture.com","Active","2024-06-17T17:45:31Z"
"smartmatrix.com","Active","2024-06-28T03:59:59Z"
"fastcore.com","Active","2024-07-06T18:12:52Z"
"securefuture.com","Active","2024-06-25T13:06:41Z"
"secureconnect.com","Active","2024-06-25T13:07:11Z"
"codeapp.com","Active","2024-06-21T19:14:32Z"
"futurecloud.com","Active","2024-07-10T18:20:06Z"
"futurebook.com","Active","2024-06-16T18:34:52Z"
"globalsmart.com","Active","2024-06-28T04:00:00Z"
